<?xml version="1.0" encoding="UTF-8"?>
<project-private xmlns="http://www.netbeans.org/ns/project-private/1">
    <editor-bookmarks xmlns="http://www.netbeans.org/ns/editor-bookmarks/2" lastBookmarkId="0"/>
    <open-files xmlns="http://www.netbeans.org/ns/projectui-open-files/2">
        <group>
            <file>file:/C:/Users/ADMIN-GAME/Desktop/DemoMovie/web/WEB-INF/web.xml</file>
            <file>file:/C:/Users/ADMIN-GAME/Desktop/DemoMovie/web/index.html</file>
            <file>file:/C:/Users/ADMIN-GAME/Desktop/DemoMovie/src/java/GetMoiveService.java</file>
            <file>file:/C:/Users/ADMIN-GAME/Desktop/DemoMovie/src/conf/MANIFEST.MF</file>
        </group>
    </open-files>
</project-private>
